CLUSTER,CORE REL EXPR_mean,CORE REL EXPR_std,SEQ_unique
0,0.12961176470588234,0.01740915284961266,"AATTTA,AATTCT,AATTCA,AACTTA,AAATCC,AATATG,AATATT,AAACTC,AACATA,AAAATC,AACCGC,ATGCAA,ATACCA,ATCCGT,ATACAT,ATCGAT,ATGCGC"
1,0.229,,ATCCGC
2,0.12341641791044777,0.014622487839303663,"ACCTAC,ACCTCC,ACATCC,ACATCA,ACATAC,AAATCA,ATATTA,AAATTA,AAATCG,ATCTAA,ATTTGA,ATTTAA,ATGTCT,ATCTCT,ACCTAT,ATATAT,ATCTTT,AACTAA,AAATAC,AACCAA,AATCAA,AAACAA,AATCAG,ATTCAG,AAACAT,AACCAG,ATATAA,ACATAA,ACGCAC,ACTCAC,ACGGAC,ATAAAC,AACCAC,ACAAAC,AAAAAC,ATATCA,ACTCTA,ACACTG,ACAATG,ATACTC,ATACTT,AACATC,ACCATA,ACGATC,ATGATC,AAAATA,ATTTTA,ATCTTA,AACACA,AACAAA,AAACCA,ACTAAA,ACCGCA,AAAATT,AAACCT,AACGTT,ACATAT,ACAAGT,ATACCT,AATACT,ACTAAT,ATTCAT,AATCAT,ACTGCT,AAATCT,ACCTGT,AATTGT"
3,0.05276666666666666,0.008386497083606082,"CGTTCC,CGTCCC,CGTCAC"
4,0.10484285714285714,0.01326097306359554,"CCGAAA,CCGAAT,CCGTGA,CTGCCT,CCGGAC,CAAGTC,CCGGCC,CCGGTC,CCAGCC,CCTGTC,CCCGAC,CACGAA,CGGGAC,CTTGTA"
5,0.07995666666666666,0.020480431086070047,"CATAGT,CCACGT,CAACGC,CCGCGA,CTGCGC,CTCTGC,CTTTGC,CAACGA,CCACGA,CATTGT,CCTTGT,CATCTA,CATATG,CAAATC,CACCTG,CGCCTA,CGCATG,CGTCTT,CGTCTC,CCGTTG,CTGTTT,CCGGTG,CAGCTG,CATGTC,CTTGTT,CTTGTG,CACGTG,CTCTTG,CGCTTG,CATTTA"
6,0.07235,7.071067811865187e-05,"CCCGAT,CACTAT"
7,0.31865,0.051508951249501556,"GAAACG,GAAATC,GAAATG,GAAACC,GAAAGC,GAAGCT,GAACGG,GAACGC,GAAGGG,GAACAC,GAACTC,GAAAAT,GAACCC,GAACCG,GAACAT,GACCCA,GACCGC,GAGCTC"
8,0.414,0.05780436354155666,"GAACAG,GAAAAC,GAAAAG,GACCAA,GATCAC,GATACA,GATCCA,GATCGA,GATGGG,GAAAGT,GACAGG,GACAGT,GACCGA,GATGGA,GATAGA,GAAAGG,GAAACA,GAACGA,GATCAA"
9,0.2741166666666667,0.031883250566193344,"GACAAC,GATACC,GATCGC,GATGGC,GACGGC,GATATC"
10,0.41734,0.041792977879064795,"GAAGAG,GAAGTG,GATAAG,GATCAG,GACGAG"
11,0.28075,0.005586143571373738,"GGCTAC,GGCAAG"
12,0.5634466666666668,0.0654916774065515,"GGTCTG,GGTCCA,GGTCTA,GGTGAA,GGTGTG,GGTAAT,GGTTCG,GGTACT,GGTGCA,GGTTAA,GGTACA,GGTTCA,GGTGCG,GGTTAG,GGTACG"
13,0.309325,0.020978143387821568,"GGTACC,GGTAGT,GGTATT,GGAAAA"
14,0.3961133333333333,0.05261186540080459,"GGGCTA,GGGCTT,GGCCTA,GGCCCA,GGGCCA,GGTCAT,GGTCTT,GGCCAT,GGTTGC,GGTTGT,GGTTCC,GGTTTC,GGGTAC,GGTTAC,GGCTGC"
15,0.39214,0.016946622082291207,"GGGCCG,GGTCCT,GGCTCG,GGGCCT,GGCTCT"
16,0.6077125,0.05391770018145377,"GGTCGA,GGTTGA,GGGCGG,GGCAGA,GGTAGA,GGCAGG,GGTAGG,GGCTGG"
17,0.2398,,GGCATG
18,0.3680625,0.041786393462123865,"GGGATC,GGGGTC,GGTATC,GGTTTG,GGTGTC,GGTTTT,GGAGTC,GGCGTT"
19,0.6777,,GGTAAA
20,0.5000875,0.029258426747080655,"GGAGCA,GGAGGA,GGAGTA,GGAGAA,GGCTAA,GGCTTA,GGCAAA,GGCTCA"
21,0.5669533333333334,0.06026084806508955,"GGTTTA,GGTATA,GGCGTA,GGTGTA,GGTGCT,GGTGTT,GGTGAT,GGTCGT,GGCGAT,GGCGCT,GGTTCT,GGCTGT,GGCTAT,GGTTAT,GGGCGT"
22,0.2272861111111111,0.033633521992014186,"GTACAG,GTATCC,GTACCC,GTATGG,GTATGT,GTATGC,GTATCT,GTTTGC,GTCTAA,GTCTCA,GTCACT,GTATCG,GTTTCA,GTCCCA,GTTTCG,GTACTC,GTTATC,GTCCTT,GTCCTG,GTACTG,GTCATG,GTAGTG,GTCCAA,GTTTGA,GTTAGA,GTCCTA,GTATTA,GTAGTA,GTCCTC,GTTTAC,GTACGT,GTTTAT,GTTTGT,GTAATT,GTTATT,GTACTT"
23,0.17373,0.018811902871723848,"GCACTA,GCATCT,GCACCT,GCAACT,GGAACG,GCAACG,GAATAC,GAATTA,GAATAG,GGATGA,GAATCA,GAATCT,GAATTT,GGAAGT,GGATGG,GAATGT,GGAAGC,GTACGC,GCAAGC,GAATTC,GCATAC,GCAAAC,GTCTAC,GTCTCG,GTCAAC,GTCATT,GTCCAG,GACTGC,GACTTT,GACTTA"
24,0.18447777777777777,0.03425801796473045,"GATGAT,GATGCC,GATGAC,GATTTC,GTTCGT,GTTCCG,GTTTCT,GTTCCC,GTTGGC,GTTCAC,GCTAAA,GCTTAA,GCTTAG,GTTTCC,GCTTCG,GCTACC,GCTATC,GTTGAC,GTTGCC,GATGTC,GATGCT,GATGTT,GTTAAT,GCTAAT,GATCAT,GTTACT,GCTGCT"
25,0.2216,0.02379005394417311,"GACATG,GAAATT,GATAAT,GACACT,GCTAAG,GCCACA,GCCAAG"
26,0.3168,0.03642422881056571,"GTAAAC,GTAAGC,GTCACA,GTCAAA,GTCAGA,GTTACG,GTTATA,GTAACC,GTAACG,GTAATA"
27,0.2193,0.0529720114777606,"GACATC,GACATT,GATAGC,GATATA,GATATG,GATATT,GCTATA,GACACA,GCCAAA,GCTACA,GCAAAA,GCAACA,GCAAGA,GTAACA,GAAATA,GATAAC,GACAGC,GTCACC,GTTAAC,GCAACC,GTAATC,GACACC,GTCCCC,GTCCAT,GTCCCG,GTTCAT,GTCCCT,GCACCA,GGACGA,GCACTT,GGACGT"
28,0.173328125,0.05454716949207149,"GACCTC,GACCTG,GACCAC,GGCCAC,GTGCAG,GCGCAG,GGTCAC,GGTCAG,GTCCGC,GTCCGT,GCACGT,GCACGA,GATCTA,GATTCA,GCTTCA,GATTCG,GCTTTA,GATTAG,GATTAC,GAATAT,GAATGC,GGATGC,GTATTT,GACTCG,GCCTCG,GCCTAG,GACTTG,GTATTG,GTCTTG,GATTTG,GCCTAT,GATTTT"
29,0.36345,0.025667976157071674,"GGCCGT,GGCCGA"
30,0.20578333333333332,0.03778197542038619,"GCATAG,GCACAG,GCCAAT,GGCAAT,GGGCAA,GGGCAG"
31,0.4254,0.018526197667087546,"GTAAAA,GTACAA"
32,0.29341428571428574,0.0348898470700493,"GTTTAA,GTATAC,GTATAT,GTACAC,GTGCAC,GTCCAC,GTAAAT"
33,0.20882,0.006635284470164032,"GCATAT,GCAAAG,GCAAAT,GGATAC,GCATAA"
34,0.32671818181818185,0.08693522667114657,"GTAAAG,GAAAAA,GTTAAG,GTTAAA,GACAAA,GATAAA,GGAAAC,GACAAT,GACCAT,GTACAT,GGGCAT"
35,0.21861000000000003,0.03661670687298658,"GGATCC,GAATCG,GAATCC,GGATCA,GTACCG,GGCCCC,GATCCC,GACCCC,GATCCT,GAAGCC"
36,0.22751428571428572,0.07322620230011047,"GACTCT,GACTCC,GCCTCA,GACTCA,GCGCCC,GGGCCC,GTTACC,GTACCT,GTAGCT,GTTGCT,GAAACT,GTAACT,GAACCT,GGAGCT"
37,0.16233684210526317,0.01625963681862802,"GAACTG,GACCTA,GATCTG,GAATTG,GAACTT,GCAATC,GTAGTC,GTATTC,GTTTTG,GTTCTG,GTTCTT,GCTATG,GCAATT,GGCATT,GAACTA,GACGTC,GCACTG,GGATTG,GCTCTG"
38,0.19586,0.016669223137267066,"GCCAGA,GCATGA,GCACAA,GCATCA,GGAAGA"
39,0.2725526315789473,0.057647004050717106,"GTACTA,GTATAA,GTATCA,GTATGA,GTACCA,GAAGAA,GCAATA,GACTGA,GTCCGA,GACAGA,GTCTGA,GTTCAA,GTTCCA,GACGAA,GTTGTA,GACGCA,GATGAA,GCCTAA,GTCTTA"
40,0.4518,,GAACAA
41,0.24098333333333333,0.05392312429128466,"GTTACA,GATGCA,GAACCA,GCCGTA,GTCGTA,GCTGTA,GTTCTA,GTTTTA,GCCATA,GACATA,GTCATA,GATGTA"
42,0.3069631578947368,0.05094659742783302,"GACAAG,GACACG,GACCCG,GTCAAG,GTCACG,GCTACG,GTAATG,GATCCG,GACCGG,GCAGCG,GATGAG,GTTGTG,GATGCG,GTTTAG,GTATAG,GACCAG,GGCCAG,GATACG,GGTCCG"
43,0.19697272727272727,0.024584106011776553,"GACCCT,GATCGT,GACCGT,GATACT,GTCAAT,GTCTGT,GCTACT,GCTATT,GGAACT,GACCTT,GGCCTT,GTTCCT,GACGCT,GACGAT,GTCGAT,GTCGCT,GCCGAT,GCCGCT,GATCTT,GACGTT,GCAGTT,GCGCTT"
44,0.08198507462686568,0.016652356769514487,"TCGTGT,TCGGAC,TCTGAC,TCCTGT,TCACAT,TTTCCG,TTTACA,TTTTCA,TTTGCC,TTCGAT,TTTGTA,TTAGTC,TTTGTC,TTTCAA,TTATAC,TTTTCC,TTCGAC,TTGGCC,TTTGAC,TTATGC,TTCCAG,TTCTAC,TTCAAC,TGCCTT,TGCCCG,TGCCCA,TCCTAC,TCCTTG,TACTTT,TACTTG,TCCTTT,TACTCC,TCCAAG,TCCGAA,TCCTCT,TCCAAA,TCCAGA,TCTATC,TTTATA,TTCACC,TTAACC,TTCAAT,TTTATT,TATACC,TCAAAC,TATAGC,TCATAA,TCTAAT,TATGAA,TATAAA,TATGAC,TATTAC,TGTTAC,TAACAC,TTAAAC,TACCTA,TAATTA,TTATTA,TTATTC,TCCATC,TTCCTA,TGCTTA,TACATA,TACATG,TTTTTG,TGTTTA,TTTTTC"
45,0.06124285714285715,0.014913177298713285,"TTCCAA,TTCTAA,TATTTA,TCCTAA,TCCTCA,TCTTCA,TATTCA"
46,0.08904166666666667,0.009505257715728922,"TTCATG,TTCGTG,TCTCGG,TGTACG,TCTAAG,TCTAGG,TAACGG,TGTCAG,TCACTG,TTACTG,TTGCTG,TTCTTG"
47,0.06542307692307693,0.011379378559932719,"TCGCAT,TCGATT,TTGCTT,TATCAT,TTACTT,TCACTT,TTCCAT,TCCCCT,TCCGAT,TCCGTT,TTCGTT,TCTGTT,TTTGTT"
48,0.069575,0.01678287817985937,"CAACCA,CACCAT,CAGCAC,CAGCCC,CAGCGC,CACTCC,CACTAC,CATGAC"
49,0.0827060606060606,0.017696908970812164,"TAATCT,TAATCG,TACCCG,TACCAA,TACTCG,TACCTG,TAAAAT,TACAGT,TACAAT,TAATAT,CACAAT,CAGCTC,CATCCA,TATCGA,CACCAG,TACCAG,CACTGC,CACTTA,CACTAA,CAATCG,CATTCA,CACTTT,CAATTT,TACTTA,TACTAT,TATTAA,CATTCG,TATTCG,TATTCT,CATTAA,AATTCC,CACTCA,CACTCT"
50,0.1160625,0.013821405500165317,"TAAACG,TATACT,TAACCT,TAACCG,CAAACG,CACGCT,TAAACT,CATACT"
51,0.06925384615384615,0.026636992303455714,"CACGTA,CACATC,CACATT,AATTTC,CACTTC,TACTTC,AATATC,TATCTC,CACGTC,AATGTC,CACGTT,TACGTT,CATGTT"
52,0.0879952380952381,0.019461101618111865,"CACACA,CACTGA,CAAAAA,TACAAA,TAACCA,CACAAA,CAAACA,AATTAA,CAATCT,CACCTT,TACTCT,TACATT,TATTTT,TATGAT,TACACT,CACACT,GACTAT,CATCCT,CATCTT,CATTAT,TATTAT"
53,0.1373891304347826,0.019476666703872082,"ACGTAC,ACATCG,ACACCG,ACCACG,CCCCAA,CCCCTA,CCCCCG,CCCTAG,CCCTGC,CCCCGC,CCCCGA,CCCAGC,CCCTTA,CCCCTG,CCTCTA,CCAGCA,CCATAC,CCTATC,CCTAAC,CCCAAC,CCATCC,CCACTC,CCCATC,GCCACT,GCCATG,GCCTTG,GCCATC,GCCTAC,GCCTTC,GCCCTA,GCACAT,GCCCAC,GCCCCA,GCCCCG,GCCTTA,GCATTG,GCATTA,GCATTC,GCAGTG,GCACAC,GCACCC,GCCACC,GCTAGC,GCCAAC,GCCTGC,GCATGC"
54,0.4515,,CCCTAA
55,0.12922222222222224,0.035144283370055665,"CCAAGA,CCAAAG,CCAAAC,CCACAG,CCAACC,ACAACG,ACACAT,CCTCGT,CCTACA,GCTTAC,GCTCCG,TCTCAA,TCTCAT,TCTCGC,ACTCTC,TCTCAC,ACTCAG,GCTCAG"
56,0.1236,0.01081203033662041,"TCCATT,TCAATA,TCAACA,GCTTCT,GCTTTG,CCTTCC,CCCTCT"
57,0.11144545454545454,0.0411824079829328,"ACTAGA,ACCAGA,ACACGC,ACGCGT,CCTCGC,CCATGT,TCACGC,TCACGT,GCCCGA,GCCCGC,ACACGA"
58,0.08688571428571427,0.010702469674932841,"ACCGAC,ACCACC,ACTAAC,ACCTTC,CCGATC,CCGTAC,CCGAAC,CCGACC,ACCAAC,ACTAGC,ACCGCC,ACGCGC,ACCAGC,ACCTGC"
59,0.55592,0.04628274516490999,"AGAATA,AGAAAT,AGAACT,AGACAA,AGACCG,AGACAG,AGATCC,AGATGC,AGAACC,AGATCT,AGAATC,AGACTT,AGATTC,AGATTG,AGAATG,AGACTG,AGAATT,AGAAAC,AGACAC,AGACCC,AGATCG,AGACCT,AGATAT,AGATGT,AGACAT"
60,0.312578125,0.042634892074185186,"AGCAAA,AGCACG,AGCCCA,AGCGAC,AGTACC,AGTAGT,AGTCAA,AGTCGT,AGTAGA,AGTTGC,AGTTGT,AGTATG,AGTTTA,AGTCAT,AGTCCT,AGCAAG,AGCAAT,AGTAAT,AGCACA,AGCATA,AGTATC,AGCATG,AGCCCC,AGCCAG,AGCCCG,AGTCAC,AGCCAC,AGCCGC,AGTTAG,AGCTGT,AGTTCA,AGTTCG"
61,0.66035,0.012515790027001926,"AGAAAG,AGAACG"
62,0.5844,0.005656854249492385,"AGAAAA,AGATAC"
63,0.3946,0.02037498466257092,"AGTAAA,AGTAAG,AGCTAA,AGCTAG"
64,0.7037,,AGATAG
65,0.91655,0.027223611075682063,"AGCGAG,AGTGAG"
66,0.31320000000000003,0.03557091508522098,"AGTACT,AGTCCA,AGTCCG,AGTACA,AGCTCA,AGCACT,AGCTCT"
67,0.6404,0.01774632356292423,"AGATAA,AGATCA,AGAACA,AGACCA,AGACTA,AGATTA"
68,0.2860473684210526,0.049568049391395606,"AGTATA,AGTTAA,AGCAAC,AGCACC,AGCAGC,AGCGCC,AGTAAC,AGTGCC,AGTGGC,AGGGGC,AGCCGT,AGCCTT,AGTATT,AGCCCT,AGTTCT,AGTTAT,AGCTAT,AGCCAT,AGCAGT"
69,0.11050769230769229,0.007931525866067799,"TGTTCG,TGTCAC,TGTACA,TGCACG,TGACCC,TGACCT,TGACAT,TGCTTC,TGCTTT,TGCTAC,TGCTCG,TGACAG,TGCTTG"
70,0.202459375,0.046026632258032184,"CGACGC,CGACAG,CGATCC,GGATTA,GGATGT,TGAACA,TGAATG,TGATCA,TGACGA,TGAAAG,TGATAG,TGAGGG,CGAACT,GGAATA,TGAAAA,GGAATC,TGAATA,TGAATC,CGAAAC,TGAACC,CGAACG,GGAACA,CGATCG,CGATCT,CGAACC,CGAAAT,TGAACT,TGAATT,GGAAAT,CGACAT,TGCAAG,TGCTAT"
71,0.527,,TGAGAC
72,0.3323666666666667,0.01724683545852206,"GGCCCT,GGCACT,AGCTCG"
73,0.16794285714285714,0.058547099476770476,"TGCCGC,CGCAAG,CGTATC,CGTAAC,TGTAAT,TGTAAG,GGTAAC"
74,0.0906,,CGCACA
75,0.14545,0.027922999281754977,"CGACAC,CGGCAC,CGACCA,CGACTA,CGACAA,CGCCAA,GGACAA,TGACGC,TGACCA,TGACAA"
76,0.2008904761904762,0.05594742089463915,"CGGCAA,TGGCTG,CGGCCG,CGGCCT,CGGCTG,TGGCCA,CGGCCA,CGGCTA,TGGCTA,TGGCAG,TGGCCG,TGGCCT,TGGCTT,CGGCTT,GGACAT,GGACAG,CGCCAG,CGACCT,GGACCA,CGCCAC,CGACCC"
77,0.73168,0.05351846617964889,"AGCGAA,AGCGCG,AGCGCA,AGCGAT,AGTGAA,AGTGCT,AGGGAA,AGTGCA,AGTGCG,AGCGCT"
78,0.55,,CGCGCA
79,0.9410499999999999,0.010818733752154202,"CGAGGC,CGAGGA"
80,0.7618999999999999,0.0577150933465415,"CGGGCG,CGCGAG,TGAGCG,TGGGGA,TGAGTA,TGAGTG"
81,0.38734999999999997,0.024536605307173186,"TGCGAA,TGCGAT"
82,0.7705076923076923,0.14554691947695342,"AGAGAG,AGAGGA,CGAGAA,CGAGAT,AGAGTC,AGAGTT,AGAGCC,CGAGAC,AGAGAC,CGAGCC,TGAGCC,CGAGTC,CGCGTA"
83,0.9042,,AGAGCT
84,0.5852916666666667,0.08014909355051805,"GGCGGT,GGCGCA,GGCGGG,GGCGCG,CGCGCG,CGCGGA,AGCGGC,TGCGGC,TGCGTA,TGCGCA,AGCGTA,TGCGCG"
85,0.90795,0.022322111608597137,"TGAGAT,TGAGAA,CGAGAG,AGAGAT"
86,0.6483833333333333,0.06803779586866897,"GGCGAA,AGTGAT,CGCGAA,GGCGAG,TGGGAG,CGTGAG"
87,0.849007142857143,0.07301958076998373,"TGAGCT,CGAGCT,AGAGCA,TGGGCA,AGGGGT,AGTGGA,AGTGGT,TGCGGA,AGAGGC,TGAGGC,CGAGGT,GGCGGA,TGAGGA,GGTGGA"
88,0.45740000000000003,0.019516147160748742,"AGTGTA,AGTGTT"
89,0.7097249999999999,0.10955861064593077,"CGAGTT,CGAGTG,TGAGTC,TGAGTT"
90,0.2595,0.04454772721475249,"TGCGTG,TGCGTT"
91,0.3836714285714286,0.08728160772819808,"AGCGTG,CGCGTT,CGCGTG,AGCGTT,AGCGTC,CGCGTC,AGTGTC"
92,0.8831266666666667,0.04470134971862336,"AGAGAA,AGCGGA,CGAGCA,AGGGGA,GGGGAA,CGGGGA,AGGGCA,TGAGCA,CGAGTA,AGAGTA,CGAGCG,AGAGCG,CGAGGG,AGAGTG,GGGGTG"
93,0.20174999999999998,0.005444722215136435,"TGGGAT,CGGGAT"
94,0.52234,0.03661943473075465,"CGCGGT,CGCGAT,CGGGCT,CGCGCT,TGCGCT"
95,0.074,,CGTTGC
96,0.1890411764705882,0.03788177429225579,"TGATCG,TGATGG,GGATAA,CGATAC,TGATAC,TGATCC,CGCTAC,CGCTTC,AGTTTT,AGCTTG,AGATTT,GGCTTC,GGCTTT,TGATTC,CGGTTC,TGGTTC,CGGTTT"
97,0.13727142857142857,0.02784586829230471,"TGCTAA,TGTTAA,CGCTAA,GGATAT,TGATCT,CGATTT,AGCTTT"
98,0.18976153846153845,0.04561755032261046,"CGAAAG,CGATAG,TGATAT,TGAAAT,TGAAAC,CGCAAA,CGCTAT,CGCAAT,CGTAAG,TGTCAA,TGCTAG,CGCTAG,CGATAT"
99,0.11156666666666666,0.009222978549976866,"TGGCAC,TGCAAC,GGCAAC"
100,0.7838909090909091,0.13088137724325377,"AGAAGC,AGACGA,AGACGT,AGACGC,AGAAGT,AGCGGG,AGGAGC,AGGAGT,AGATGA,AGAAGA,AGGAGA"
101,0.5471250000000001,0.030168347098683858,"AGACGG,AGATGG,AGCCGG,AGCTGG"
102,0.3632666666666667,0.03575520474933217,"CGATGG,CGACGA,CGATGA,TGAAGC,CGAAGC,CGATGC"
103,0.17250000000000001,0.05303418708719877,"TGTTGA,CGTAGC,TGTAGT,CGTAGT,TGTTGG"
104,0.4372857142857143,0.10801008330354206,"TGGCGA,CGGCGG,TGGCGG,CGGCGT,TGGCGT,AGTCGA,CGTCGC"
105,0.32293333333333335,0.027305921213783155,"CGGTGC,TGCTGA,TGATGA"
106,0.4513,,TGGTGT
107,0.54845,0.03804122763529065,"AGCAGA,AGTTGA,CGAAGA,TGAAGA,AGCTGA,GGCTGA"
108,0.1608516129032258,0.054667734975137085,"TGCTGT,TGACGT,CGACGT,AGCATT,AGCTTC,AGTCTA,AGACTC,AGCATC,AGTTTC,AGTTTG,AGTCTT,TGCATC,TGACTA,TGACTC,CGAATT,GGACTG,CGAATC,GGACTC,CGACTC,GGACTT,TGCATG,CGCATA,TGCATA,CGCTTA,CGCCTC,GGATTC,CGTATG,TGTCTG,TGTTTG,CGTCTG,TGTGTG"
109,0.22214545454545453,0.031217218442275218,"CGCTGA,TGTATA,TGGCAA,CGATTA,CGAACA,CGAAAA,CGAATA,TGATAA,CGATAA,CGATCA,TGATTA"
110,0.4908,0.01018233764908632,"GGCACA,GGCATA"
111,0.325,,AGCCAA
112,0.0637,0.013293607486307086,"TGCCAA,TGCCTA"
113,0.1609,0.020223253941935238,"CGTAAA,TGTAAA"
114,0.3600666666666667,0.03921401110147577,"GGCCAA,GGTCAA,AGCCTA,AGCTTA,CGGTTA,TGGTTA"
115,0.2474,0.03945993748939127,"GGGGAC,GGTGCC,GGCGGC,GGCAGC,GGCGCC,AGCCTC,CGCGAC,TGCGCC,TGCGTC,GGCGTC"
116,0.528875,0.05690959936601208,"CGGACC,TGGACC,CGGAAC,TGGAAC"
117,0.19246190476190475,0.052890892185616184,"TGGCTC,CGGTAC,TGGTCC,CGGTCC,GGGCAC,CGGCGC,TGGCGC,AGTGAC,GGTCCC,AGTCGC,AGTCCC,GGAACC,CGGGTC,CGGGCC,CGGGGC,TGTGAC,AGGGAC,TGTGCC,GGTGAC,TGCGAC,CGTGCC"
118,0.23746666666666666,0.04649557070558542,"AGTTAC,AGCTAC,TGGTAC,AGCTGC,TGATGC,TGGTGC,GGGGCC,CGCGCC,GGCTCC,AGCTCC,TGCTGC,CGTGGC,CGCAGC,AGTAGC,GGCCGC"
119,0.4182,0.03662813126546315,"AGTACG,AGTTGG"
120,0.3549923076923077,0.08906841435602991,"AGTCTG,AGTCAG,AGCCTG,GGCCGG,GGCCTG,GGAGAG,GGAGTG,GGAGGG,GGCGTG,GGCCCG,GGGCTG,GGTATG,GGGATG"
121,0.20072142857142858,0.06763073014052605,"GGACCG,GGATAG,CGACCG,CGACTG,GGAAAG,GGAATG,CGAATG,CGATTG,TGATTG,TGAACG,GGCACG,GGCTAG,GGCTTG,CGGTTG"
122,0.5983,,GGTAAG
123,0.6868333333333334,0.030042691845660816,"GGTGAG,AGCAGG,CGCAGG"
124,0.3101,0.05311038818661875,"GGTCGG,TGTCGG,CGCTGG,TGCTGG"
125,0.11212758620689656,0.0366562399341282,"CTTAGA,CTCTGG,CTTAGC,CTCATC,CTAGTC,CTGGTC,CTAGTG,TTGATT,TTGTGT,ATGTCC,ATGGGC,CTGCGA,CTGTGT,CTGTGC,TTGGGC,ATGTGC,CTGATA,CTGCAC,CTTACC,CTTCCT,ATTAGC,ATTACC,ATTTCA,ATTTCG,ATTCCG,ATTCAA,ATTCTA,ATTACT,TTTAGT"
126,0.10369999999999999,0.018862367001224657,"ATTGCC,ATCGCC,ATTGAC,ATCGCT,ATTGCT,CTTGGC,CTTGAC,TTTGGC,ATCGTT,GTCGTC"
127,0.09404444444444444,0.03164060330932041,"CTTCAT,CTCAAA,CTCAAT,TTTAAT,CTTAAT,TTACAA,TTACAG,TTTCAC,CTAGAC"
128,0.061544444444444436,0.023934917542740308,"TTTTGC,TTTTGT,TTTCGC,ATTTGC,CTTAGT,CTACGC,CTATGC,CTCCGC,CTCTCA"
129,0.10532,0.010859179424697694,"ATCGAC,ATGGAC,CTCCTC,CTTCCC,TTTCCC,ATTCGC,GTTCGC,CTCCCC,TTGTAC,TTGTGC"
130,0.12174,0.003967422897101399,"ACAACA,ACAACC,ACAAGC,ACATGC,ACAAAA,ATATCT,ATATCG,ATAACT,ATACAA,ATAATA"
131,0.11955714285714285,0.021088682296634926,"CCAGAA,CCAGAC,CAAGTA,CAAGTG,CCAAAA,TCAGTG,TCAAGT,TTAACA,TTAAAT,TTACTA,TAATAA,TAATCC,TAAATG,TAAATT,AAACTT,TAATTT,ATACAC,ATAAAT,TTAAAA,TTACAC,CTATCT,CTAACA,ATACCC,CTAACC,ATAACC,ATATAC,CTAAAC,CCAACA,CTAAGC,TAAAAC,TAAACC,TCAAAA,TCAAAG,TAAAAA,TAAACA"
132,0.1381388888888889,0.016069083904079292,"ATAAAA,AAAAAT,ACAAAT,AAATAT,TCAAAT,TCAACG,TCACCA,TCACCC,AAAACT,GGACCC,ATAACA,AAAACA,TCAACC,CAAGCC,ACACAC,ACAGAC,TCACAC,TCATCC"
133,0.09278571428571428,0.0069530397600446586,"AACAAC,AACGTC,AACTCC,AACTCT,AACCCG,AACTCG,ACCGTA"
134,0.1222,0.0050446577117354,"CTCTGA,CTCTAC,CGCTTT,CTCTTT,CCCCCA,CGCCTT,CTCATT,CCCTTT"
135,0.12078181818181818,0.03172796027486581,"TCCAGC,TCCGAC,TCCGTG,ACCGTC,ACCGTT,ACCCGA,TCCCGA,CTCCCG,TTCGCA,TTCGCC,GTCGAC,ATCACA,GTCTCC,GTCTGC,GTCATC,TTCCAC,ATCCCC,CTCCAC,TTCCCC,ATCTGT,GTCTAT,GTCTCT"
136,0.11432857142857143,0.004576648805153648,"GCCGTG,GCCGCC,ACCGCT,CTCGTA,GCCGTT,AACGAC,GACGAC"
137,0.10254285714285714,0.013720891266344808,"ATCCAT,AACTAT,GCCCCC,CCCGCA,ACCTCT,GCCTCT,CTCTCT"
138,0.1003625,0.011705668651188987,"ACCCAA,ACCAAA,TCCCCA,CCCAGA,TCCCAA,TTCCCA,CTCAGA,CACAGA"
139,0.090225,0.007213231889085103,"AACCTG,CCCAAG,CCCACG,CACAAG,CACACG,CTCTCG,CACATG,CGCCTG"
140,0.2861,,ATGTGA
141,0.17435,0.01627171077141465,"ATGAAC,ATGACT,ACGAAT,ATGTAT,ATGTCA,ACGTGT,ACGTTA,ATGTTA"
142,0.21059999999999998,0.029131855416365083,"AAGAAT,ATGAAT,AAGTAT,ACGATA,ATGTTG"
143,0.20663333333333334,0.03782323319993902,"AAGCAA,AAGCCA,ACGAAA,ATGAAA,ACGACA,ATGACA,AAGCAC,AAGTGC,AAGTTC,AAGCCC,AAGCTC,ACGTGC"
144,0.8023588235294118,0.08251672602284595,"GAGCAG,GAGCGG,GAGCAC,GAGCGT,GAGCTT,GAGCCT,GAGCCC,GAGATG,GAGCTA,GAGCTG,GAGATA,GAGAAC,GAGCGC,GAGGTC,GAGTTC,GAGGGT,GAGATT"
145,0.5317666666666667,0.04068379225663402,"GTGAAA,GTGACA,GTGTCA,GTGTGA,GTGCAT,GTGTAG,GTGTAA,GTGACT,GTGCGA,GTGCGG,GTGCAA,GTGCCA,GTGTGG,GTGAAG,GTGACG"
146,0.8950999999999999,0.01321060180309745,"GAGACC,GAGACG,GAGATC"
147,0.46815,0.03934077613198126,"GCGACA,GCGATA,GCGAAG,GCGAAT"
148,0.8387333333333333,0.0944542146580377,"GAGACA,GAGAGG,GCGAGG,GAGACT,GTGGCA,GTGGGT"
149,0.5132476190476191,0.10621521839664792,"GAGTAC,GAGTCC,GAGTCG,GAGTGA,GAGTGT,GAGTCA,GAGTTA,GAGTGC,GAGTCT,GAGTTT,GCGTAA,GCGTCG,GCGTGG,GAGTAA,GAGTAT,GTGTAT,GTGTGC,GAGTTG,GTGTTA,GCGTCA,GCGTGA"
150,0.8665428571428572,0.030184646049653388,"GAGGAA,GGGTAG,GGGGAG,GGGTAT,GAGAAA,GTGGAA,GAGAAG"
151,0.5663,0.04751757569573598,"GCGAAA,GTGAAT"
152,0.6596500000000001,0.0624630290651998,"GAGCAT,GAGGAT,GTGGAT,GAGAAT"
153,0.2882,,GCGCCG
154,0.42755000000000004,0.05548948549049631,"GCGACT,GGGACC,GTGCCG,GTGTCG,GCGCCA,GCGACG"
155,0.9009333333333333,0.012227455445294692,"GAGCAA,GAGCCA,GGGTTA,GGGTAA,GGGGCA,GGGTCA"
156,0.5287,0.04525328717341978,"GGGCGA,GTGATA,GGGATA,GTGCTA"
157,0.7356499999999999,0.02199102089490168,"GCGGCA,GAGGGA"
158,0.37320000000000003,0.09029152784176378,"GTGTCC,GTGCGC,GCGAAC,GCGACC,GGGAAC,GTGACC,GTGAAC"
159,0.2424666666666667,0.007390759997005267,"GTGCCC,GTGTAC,GCGTAC"
160,0.7999666666666667,0.027313061588429333,"GAGCCG,GCGGCG,GAGTGG"
161,0.6599,,GAGTAG
162,0.3224571428571429,0.05718836878080649,"GTGTCT,GTGTGT,GTGCGT,GCGTAT,GCGTCT,GCGTGT,GTGTTT"
163,0.58215,0.02043538597629121,"GTGGCT,GTGGTT"
164,0.14222857142857143,0.015454918488769374,"TCGACT,TCGCAG,TAGTAC,TAGTAT,TGGCAT,TCGTCA,TTGTCA,TCGTCC,TTGCTC,TAGCTC,TTGATA,TCGATA,TTGAAA,TTGACA"
165,0.22847499999999998,0.03981778520358105,"AAGATC,AAGACC,AAGTTA,AAGTCA,AAGACT,AAGCTA,AAGTTT,AAGATT,CAGTCT,CAGATA,CAGTTA,TAGAAC,TAGAAT,TAGCCA,TAGCGC,TAGCCC,TAGACC,TAGATC,TAGCAC,TAGGAC,TAGTCA,AAGTCT,TAGTTA,CAGTAT,AAGTAA,TAGCAG,AAGCAG,TAGAAA"
166,0.17533333333333334,0.005514828495368953,"CAGATC,CAGACC,CAGGAC"
167,0.8266,,AAGGTC
168,0.4859,,CAGGTC
169,0.3093,,TAGTTT
170,0.2898375,0.06048739980949987,"AAGGCC,GAGGCC,GAGGGC,TAGGTC,CAGGCC,TAGGCC,AAGAAC,AAGGAC"
171,0.17567826086956523,0.0423465782294985,"GCGCTG,GCGTGC,GCGCGA,GCGCAC,GCGTCC,GCGCGT,GCGTTT,TCGAAT,CCGACT,TCGACC,CCGCGC,CCGCGT,TCGCGA,ACGGGC,GCGCGC,GCGTTC,ACGATT,CCGGTT,CCGATT,ACGTTG,CCGACG,CCGCGG,CCGAAG"
172,0.9062250000000001,0.048216931673427735,"AGGCAG,AGGCCA,AGGCGT,AGGCGC,AGGCCT,AGGCTT,AGGAAG,AGGTAG,AGGTAC,AGGCAC,AGGCCC,AGGTCC,AGGTTC,AGGCTG,AGGGGG,AGGTTG,AGGAAT,AGGCAT,AGGACT,AGGTCT"
173,0.72026,0.054269908789309734,"CGGAAG,CGGACG,GGGTTG,GGGTTT,GGGTGT"
174,0.514525,0.06733683365489254,"GGGTTC,GGGTCC,GGGCGC,GGGTGC"
175,0.7636571428571429,0.04262357943450458,"GGGGCT,GGGGGT,TGGAAA,TGGAAT,TGGAAG,TGGATA,TGGGGG"
176,0.9193153846153846,0.03847013660303807,"AGGATC,AGGAAC,GGGAAA,GGGAAT,CGGAAA,CGGAGT,CGGAGC,TGGAGC,AGGACG,AGGATG,AGGTGA,AGGTGG,AGGTAT"
177,0.5470142857142857,0.06632311184523207,"CGGTCA,TGGTCA,TGGTCG,CGGTCG,CGGTGA,CGGTGT,TGGTGG,TGGTGA,CGGTAA,TGGTAA,CGGTAT,TGGTAT,TGGTCT,CGGTCT"
178,0.5568500000000001,0.06668016946589143,"AGGGAG,CGGTAG"
179,0.9464,,AGGTAA
180,0.7679,,CGGGAG
181,0.2878,,AGGGAT
182,0.841476923076923,0.06048676375657395,"AGGACC,AGGTCG,AGGACA,AGGTCA,AGGCCG,AGGGCG,GGGTCG,GGGTCT,TGGACT,CGGACA,TGGACA,GGGACA,GGGACT"
183,0.9325666666666667,0.0157906090235093,"AGGCTA,AGGTTT,AGGATT"
184,0.6266,0.047372425171893724,"CGGATA,CGGGTT,TGGATC,TGGATG,CGGATC,GGGATT,CGGATG"
185,0.3056,0.0336582827844797,"TGGTTT,TGGTTG"
186,0.9447833333333334,0.008016337484579032,"AGGCAA,AGGTTA,AGGATA,AGGAAA,CGGAGA,GGGGTA"
187,0.7666833333333334,0.038563164635007204,"GGGAAG,GGGTGG,CGGTGG,TGGACG,GGGACG,TGGGCG"
188,0.55445,0.010818733752154242,"TGGGCT,TGGGGT"
189,0.69234,0.04667240083818274,"CGGAAT,CGGACT,CGGATT,TGGATT,TGGGTT"
190,0.15803333333333333,0.015047840376612198,"TCGAAC,TCGAAA,TTGACT,TCGACA,CAGAAA,CAGAAC,CTGACA,CTGAAT,CTGACT"
191,0.7933499999999999,0.05641094751907643,"ATGGCA,AAGGCA,AAGGCT,AGGGCT,ACGGCG,ATGGCG"
192,0.2459,,CTGGTG
193,0.6345999999999999,0.046789421881446726,"CCGGCA,CAGGTG,CGGGTG"
194,0.39305,0.0021920310216782916,"CCGGTA,CTGGTA"
195,0.7385,0.05485553755091636,"CGGGTA,TGGGAA,TTGGAA"
196,0.8265533333333334,0.06382713111731299,"TAGGAA,TAGGGG,TCGGGG,TAGGTG,TGGGTG,TAGGTT,TCGGAA,TAGGCA,CAGGTA,CAGGAT,CAGGGG,GAGGCA,TAGGAT,TAGGGT,AAGGGT"
197,0.6100666666666666,0.093872346833346,"ACGGAA,GCGGTG,TCGGTA,TCGGTG,TCGGCA,CCGGGA,ACGGTG,ACGGTA,GCGGTA"
198,0.8340666666666667,0.0043661577311559785,"TGGGTA,GGGGCG,GGGGGG"
199,0.68096,0.09700973834277325,"TTGGTG,TTGGTA,TTGGGG,TTGGCA,CTGGCA,ATGGTA,GTGGTA,GTGGTG,ATGGTG,GTGGCG"
200,0.7740210526315789,0.08036960853835351,"AAGGAA,GTGGAG,GCGGAG,CAGGAA,AAGGAT,GCGGAA,TAGGCG,TCGGCG,CAGGCA,CAGGCG,GAGGCT,AAGGCG,GAGGCG,CAGGCT,TAGGCT,CGGGCA,CCGGCG,CTGGCG,TTGGCG"
201,0.9149695652173913,0.03804862241900733,"AAGGTA,GAGGTG,AAGGTT,GAGGTT,AGGGTT,GGGGTT,AGGGTA,GAGGTA,TAGGTA,AGGGTG,AAGGAG,ATGGAG,AAGGGG,CAGGAG,CCGGGG,CTGGAG,TCGGAG,TAGGAG,AAGGTG,ACGGGG,CCGGAG,TTGGAG,ACGGAG"
202,0.2913,0.0632253339820586,"GCGCAA,GCGTAG,GCGCAT,CGGCAG,CGGCAT,CAGTAA,TAGTAA,TCGTAG"
203,0.1897888888888889,0.032998999786783,"CTGAAA,ATGACC,ACGACC,ACGACT,CCGACA,CTGGCC,CAGACA,CAGTCA,CAGACT,AAGTCC,TAGACT,CCGCCA,CAGACG,CTGTCG,CTGACG,ACGTCG,CAGTCG,CCGTCG"
204,0.0547,,CAGCAT
205,0.3623,,GTGCCT
206,0.28910625,0.08685160116543619,"GTGTTC,GTGCTT,GCGATC,GCGATG,GTGATG,GCGATT,GTGATT,GTGCTG,GCGGTC,GTGGTC,GTGTTG,GCGCTA,GCGTTA,CCGCTA,TGGGTC,GGGCTC"
207,0.1313,,CTGATG
208,0.3981,0.04997092487970713,"GTGATC,ACGGTC,AGGGTC,ATGGTC"
209,0.16438,0.02801296525222244,"TAGCTG,TTGTTG,AAGCTG,CAGATG,CCGATG,TCGATG,TTGATG,CTGGTT,TAGATT,CAGATT"
210,0.2668111111111111,0.07652737164643192,"TAGACA,AAGACA,AAGATA,AAGAAA,TAGATA,ATGATA,TAGCAA,ACGCGA,TTGCGA"
211,0.6656000000000001,0.02719957107504943,"ATGGAA,ACGGCA,ATGGGA,CTGGAA,CCGGAA,CGGGAA,TCGGGA"
212,0.1792125,0.011372578235135836,"TCGTAA,TAGTGA,TTGTGA,ATGTAA,ACGTAA,TTGTAA,ACGTCA,TTGTTA"
213,0.29904411764705885,0.09697500206215744,"AAGAAG,AAGATG,AAGTCG,AAGTTG,AAGACG,AAGTAG,ACGAAG,ATGAAG,ACGACG,CTGTAG,CTGAAG,CAGTAG,TCGTCG,TTGCCG,TCGACG,TTGACG,TTGTAG,TTGTCG,CAGCAG,AAGCCG,TAGCCG,CAGAAG,TAGACG,TAGTCG,ATGACG,ATGATG,ACGATG,TTGAAG,ATGTAG,ACGTAG,CCGTAG,TAGTAG,ATGTCG,GCGTTG"
214,0.5936,,ATGCGG
215,0.948,,CAGAGG
216,0.5585,,TGGTAG
217,0.3275,,TCGAAG
218,0.17637142857142857,0.0497849279161781,"ATGCCT,ATGCAT,ACGTCT,ATGATT,CAGAAT,TAGTCT,TAGTGT"
219,0.12273333333333335,0.003251666239535259,"ACGTTT,CCGTAT,ACGTAT"
220,0.3580571428571429,0.09355819681073482,"ATGGCT,CCGGGT,CCGGAT,CCGGCT,TCGGTT,TTGGGT,TTGGTT"
221,0.49790000000000006,0.06638147331899168,"TCGGCT,ACGGTT,GCGGCT,CTGGAT,CTGGCT,ATGGAT,TTGGCT,ACGGAT,GCGGAT,TTGGAT,TCGGAT,ACGGCT,ATGGTT,CAGGTT,GCGGTT"
222,0.2424,,GCGCCT
223,0.09197777777777777,0.024777246506511665,"ATTCCC,ACTTGC,AATTAC,ACTTAA,AATTCG,AATTTG,AATTAT,ATTCAC,ACTTAC"
224,0.10010555555555556,0.007462886385482115,"CATACA,CCTAAG,CCTAAT,CTTAAC,CTTTAT,CCTTAC,CATCAT,CTTCGC,CCTAGC,CATCGA,CTTTAA,CCTTAA,CCTTTA,CGTTTA,CATAAC,CATACC,CGTGAC,CATGGC"
225,0.07424,0.0049356300959902235,"TCTTTA,TCTTAG,TGTTCT,TCTTCC,TATTTC,TATGTT,TATATA,TCTTTT,TCTTTC,TATGTA"
226,0.09002173913043478,0.018618586913515388,"CGTCAT,CGTCGA,TGTCGC,CGTTTT,TGTTCC,CGTTCT,TGTACT,TGTCCC,CGTACC,TGTACC,CGTCCT,TGTTTC,TGTATC,CGTTAA,CGTATA,CGTACA,CGTTCA,TGTTCA,CGTCAG,CGTCCG,CGTACG,TGTCCG,CGTTCG"
227,0.0490074074074074,0.01937315601003548,"CATCTC,GCTCAA,GCTCGA,GATCTC,TATCTT,TTTCAT,TGTCAT,TATCGC,TTTCCT,CTTCAG,CGTCAA,CATCAG,CGTCGT,CTTCGT,CATCGC,ATTCGT,TTTCGT,AATCGT,AATCTT,CATCTG,TTTCTG,TATCAA,TGTCTA,CGTCCA,CATCAA,ACTCAA,TTTCTT"
228,0.07593589743589743,0.015500398758529219,"CATTCC,CCTTCG,TCTTAA,TCTTAT,ACTTAT,TTTTAT,TTTTAA,CGTTAC,CATTAC,GCTTGC,GATTGC,TATTGC,TATTGA,TCTTGC,ATTTCC,ATTTTC,ATTTAC,TTTTAC,ACTTCG,CTTTCG,CTTACA,TATACA,TTTACT,TCTCCC,CATCCC,TATCCA,ACTTCC,ACTTCT,CCTTCT,CTTTCT,CATTTG,CCTCCG,TCTCCG,ACTCCG,TATCCG,TATTTG,TCTCTG,TATCTG,ACTCTG"
229,0.11069,0.028898921548505343,"ATTAAC,ACCATG,ATTACA,ATCAAC,CCTACT,CGCACG,AACACC,CATAAT,CATATT,TATATT"
230,0.09251025641025641,0.00815377842255372,"TTTAGC,ATCACC,CTCACC,ATCATT,ATCAAA,TCTATA,TTTACC,TCTAAA,TCTACC,AATAAC,CTTACG,CCTACG,TTAACT,CACACC,CTCACT,CCGATA,CAAATG,CGCATT,CTCATG,CTGATT,CTAATA,CTAATC,ATAATC,ATTATC,TCAATG,TTAATC,CCAATA,TGTATG,TATATG,AACATT,ATTATT,CTTATT,ACCACT,ACAATT,ATCACT,AACACT,ACCAAT,ATCAAT,ATTAAT"
231,0.07905,0.023606143268225754,"AATCTA,AATCCA,ACCCCT,ACCCCG,ACCCTG,ATTCCA,AATCCC,AATCCG,ACACTC,ACCCTC,ATTCTC,ATCCAC"
232,0.098195,0.007608615269271373,"CCGCCT,CTGCAT,CTGCCA,CCGCAA,CTGCTA,CTCCTT,CCCCTT,CCACAA,CCACCA,CCTCGA,CAACTA,CGTCTA,TGCCAC,TTGCAA,TGCCAG,TTCCGA,TTGCTA,TAACAA,TCGCAA,TTACGC"
233,0.09720588235294118,0.01911493102878726,"ACACTT,ACACCC,ACCCGC,TCCCTA,ACCCTA,ACCCCA,ACCCAG,CCGCCG,ACGCCT,CCGCAG,ACGCTT,TCACAA,TCACAG,CCACCG,CCACAC,CCGCTC,GCGCTC"
234,0.07747333333333332,0.008297275553408805,"CTACAC,CTACTC,CTCCAA,CTACAA,TTACCT,TTACTC,CTGCAA,CTTCCA,TTTCTA,ATCCCA,CTTCGA,CTCCCA,CTTCAA,TTTCCA,TCACGA,CCACGC,CTACCC,TTACCC,CTACGA,CTACTA,CAACCG,CGCCCA,CACCCA,CACCAA,CACCCG,CGCCCC,CGCCCG,TTCCTG,ATCCAA,ATCCGA"
235,0.12153846153846154,0.022774039201214638,"ACGCCG,ACGCAG,ATGCTA,ATGCCC,ACGCAA,ATGCCA,ACGCCA,AAGCAT,AAGCTT,AAGCCT,CAGCAA,CAGCCA,CAGCCG,CTGCCG,CAGCTA,CAGCTT,ATGCTC,ATGCAC,ACGCCC,ACGCTC,TCGCCG,CAGCCT,TAGCAT,TAGCCT,TAGCTT,TCGCGT"
236,0.06956666666666667,0.008480762544331338,"TATCCT,TACCCT,TGTCCA"
237,0.0972090909090909,0.009508990960712341,"ACGCTG,TGACCG,TGACTG,CTACCG,CTGCAG,ATCCAG,CTCCAG,TAACTG,CCACTG,GCCCTG,CCGCTG"
238,0.22324166666666667,0.07854189916371022,"AAAGCA,AAAGAT,ATAGAA,AAAGAA,ACAGCT,ACAGTA,ATAGTA,ATAGAT,ATCGAA,ACTGAA,AATGCT,ATTGCA"
239,0.40765,0.013647160876900355,"ACCGGT,ACTGGT"
240,0.32734545454545455,0.04937404106143159,"GCCGAA,GCCGCA,GCTGCA,GCAGCT,GCTGTG,GCAGAA,GCAGCA,GGAGCG,GGAGCC,GGAGAC,GGGGAT,GTCGAA,GTCGCA,GTAGCA,GTAGGC,GTCGCG,GCTGCG,GTTGCA,GCTGAA,GTTGAT,GCTGGT,GCTGAT"
241,0.40890000000000004,0.055137537123088824,"GCAGAT,GTAGAA,GTTGAA,GCTGAG,GCAGAG,GCCGAG,GTAGAT,GGAGGT,GGAGGC,GCCGGT,GATGGT"
242,0.23741111111111113,0.052429463196862036,"GACGTA,GACGTG,GAAGTT,GCAGTA,GAAGTC,GTTGTC,GCTGTT,GTTGTT,GATGTG"
243,0.1253421052631579,0.030642042936489026,"TACGTA,TACGAA,TAAGTT,TTCGTC,TTCGAA,TACGCT,TCCGTC,TATGCA,TCCGCA,TCCGCT,TTAGAC,TCAGAC,TGGGAC,TCGGCC,TCTGCC,TCCGCC,TATGGC,TTCGGC,TGTGGC"
244,0.20492142857142856,0.02858165572453849,"AACGTG,AACGCA,AACGAT,AACGAA,AACGTA,AAAGTT,AATGTG,TACGTG,AATGAA,AATGCA,GAAGAC,GAGGAC,CACGGC,CAGGGC"
245,0.14435555555555554,0.02285405385873101,"ACAGAA,ACCGAT,ACAGCA,ACAGCC,ACTGCA,ACTGGC,ACTGTA,ACTGTT,ACCGAA"
246,0.22741333333333333,0.039460182754119444,"GCAGTC,GGAGAT,GCAGCC,GCAGAC,TAAGTA,TAAGAC,TTAGCA,TCAGAT,TCAGAA,TTAGAA,TAAGCT,CAAGCA,GAAGAT,CAAGAT,TAAGAT,TAAGCA,GAAGCA,AAAGCT,CAAGCT,ATAGCT,ATAGCA,GTAGCC,TTAGAT,AAAGAC,ATAGAC,ACAGAT,AAAGTA,CAAGAA,TAAGAA,GAAGTA"
247,0.1492,0.0002828427124746271,"TCAGCA,TCAGCT"
248,0.1761590909090909,0.031325307874303696,"ATAGCC,CAAGAC,AAAGCC,GTAGAC,AATGTA,ATTGGG,ATTGAA,AATGAT,ATTGAT,CCTGGC,CCTGCT,CATGCA,CGTGTG,TGTGTA,CGTGTA,TGTGAA,CGTGAA,CGTGAT,TGTGAT,CCTGAT,ACTGAT,TCTGCT"
249,0.404975,0.03707922823720402,"CGTGCT,TGTGCA,CGTGCA,TGTGCT"
250,0.5503,0.03705239533417509,"ACGGGA,ACCGGG"
251,0.7228600000000001,0.09599891434571305,"AAAGGC,ACAGGT,ATAGGA,ATAGGT,ACAGGC,ATAGGC,ACTGGA,AATGGT,AGAGGG,ATCGGG"
252,0.9471,0.016546298679765155,"AAAGGT,AGAGGT"
253,0.8059,0.012869343417595162,"AACGGT,AGCGGT"
254,0.36914117647058825,0.09895231843433189,"CCCGGT,CTAGGC,CTCGGA,CCAGGC,CATGGA,CACGGA,CAGGGA,TACGGC,TATGGA,TCCGGA,TTTGGG,TTCGGT,TTTGGT,TTCGGA,TACGGA,TCTGGA,TTGGGA"
255,0.2843,0.0007071067811865482,"AATGGG,AAAGGG"
256,0.51486,0.07962152975169468,"CATGGT,AATGGA,CATGGG,GCAGGC,GCGGGT"
257,0.30938333333333334,0.04642083224875086,"GCCGGG,CCCGGA,TCCGGG,CCCGGG,TCCGGT,CCTGGT"
258,0.5942888888888889,0.05521925489456657,"ATTGGA,ATTGGT,ATCGGA,CTTGGG,CTTGGT,CTAGGA,TTTGGA,CTTGGA,GTTGGT"
259,0.92625,0.028354981925580572,"TGAGGT,TAAGGT"
260,0.7194166666666666,0.046833381969132504,"GAAGGA,TAAGGC,TAAGGA,CCAGGA,GCAGGA,CCAGGT"
261,0.8113999999999999,0.02808401680671768,"TTAGGA,GTAGGA,AAAGGA,ACAGGA,CAAGGA,TCAGGA"
262,0.4477,,TTAGGC
263,0.3853,,TCAGGC
264,0.608757894736842,0.06749217498503456,"CAAGGC,GAAGGC,ACCGGA,CGCGGC,CACGGT,GTCGGT,GACGGT,ATCGGT,CCTGGG,TATGGG,CGTGGT,TGTGGA,CGTGGA,ACTGGG,GCTGGG,AACGGA,GCGGGA,GTTGGA,GCTGGA"
265,0.4992,,TATGGT
266,0.45324,0.027890374683750684,"GACGGA,AAGGGA,CCTGGA,GCCGGA,GTCGGA"
267,0.25704000000000005,0.04815840067481018,"AAGGGC,ATCGGC,GCTGGC,GGTGGC,TGGGGC,GGGGGC,AACGGC,ACCGGC,CCCGGC,AATGGC"
268,0.7197818181818182,0.08411899688158221,"TCAGGT,TACGGT,TCGGGT,GAAGGT,TGTGGT,TGCGGT,GGTGGT,GCAGGT,CAAGGT,GTAGGT,TTAGGT"
269,0.13796521739130435,0.03152194918834193,"ACAGTC,ATCGTA,ACTGTC,TCAGTC,TTCGTA,TTAGTA,TCAGTA,TGTGTC,TCGGTC,TTGGTC,ATAGTC,AAAGTC,ACAGTT,CAAGTT,ATAGTT,CATGTA,ATTGTA,TTAGTG,ATTGTG,GTAGTT,GGAGTT,CGTGTT,TGTGTT"
270,0.5409666666666667,0.10804041219222868,"AAAGCG,ACCGAG,ACAGAG,AACGCG,ACCGCG,ACTGCG"
271,0.29735,0.023224555969921137,"CTAGAG,CTTGCG,CTAGCG,CACGCG,CTCGGG,CAAGGG,TAAGTG,TCAGCG"
272,0.4664875,0.04152074997602318,"TACGCG,TATGAG,TTCGAG,TTCGGG,CACGAG,CACGGG,CAAGCG,AAAGTG"
273,0.2715625,0.057331316236665694,"TCTGAG,TCTGGG,CCAGCG,CCTGAG,CCTGCG,TCTGCG,TCCGCG,CCCGCG"
274,0.4448235294117647,0.07821286282808415,"ATAGTG,ATAGGG,CTCGTG,CTTGAG,TTTGCG,ATTGCG,ATCGCG,GTTGCG,GTAGCG,GTAGGG,GTCGGG,ACAGCG,ATAGCG,ACAGGG,TTAGCG,GAAGCG,TAAGCG"
275,0.272475,0.02737923483225929,"CCCGAG,CTCGCG,GCCGCG,TCCGAG"
276,0.5667818181818182,0.055501744444329267,"ACTGAG,AGTGTG,AATGCG,CATGAG,TGTGCG,TGTGGG,CGTGGG,CGTGCG,AGTGGG,GTTGAG,TTTGAG"
277,0.78516,0.08095382987498845,"AACGAG,ATAGAG,AATGAG,CAAGAG,TAAGAG,TACGAG,TGCGAG,TGTGAG,GAGGAG,ATCGAG,ATTGAG,TGAGAG,AAAGAG,GTAGAG,TTAGAG"
278,0.357,,TCAGAG
279,0.54715,0.006717514421272129,"CCAGAG,GTCGAG"
280,0.3422,0.008870550527823306,"GACGCG,TATGCG,TTCGCG,CATGCG"
281,0.4905,0.020930360723121776,"TGCGGG,CGCGGG"
282,0.133625,0.01791952338043113,"TACGAT,AACGCT,CCAGAT,CTCGAT,TTCGCT,CTCGCT,GTCGTT,CTCGTT,CCAGCT,TTAGCT,CACGAT,CCCGCT"
283,0.09448205128205128,0.015212336956612274,"CTATAA,CTATGT,CTTTAC,CTTTGT,CAATCA,CTTTCC,CCCTCG,TTCTAT,TTCTCT,TACTCA,TTCTCA,TATTCC,TTCTCC,TCATCT,ATCTCA,ATATCC,ATATTC,CTATCC,CTATCG,CTATAC,CTCTCC,TTCTTA,TTCTTT,TTCTGC,ATCTTC,ATTTTT,CTTTTA,TTTTTT,TTTTGA,TTTTTA,ATTTCT,CTGTTA,CTTTTC,CTATTC,GTTTTC,CTGTAT,TTGTTT,TTATCT,CTGTCT"
284,0.1010392857142857,0.015831060404943625,"AAATTC,TAATTG,AAATTG,TCATCA,TCATGC,ACATTA,CAATAA,TCATAT,TTATAA,CAATCC,CCATCG,CCATCT,TAATCA,AAATTT,CCATAT,TCATGT,ACCTAA,CCCTCC,TCCTGC,CGCTCA,ATCTCC,AACTTC,CTCTTA,CTCTTC,AACTTG,ACCTTG,CACTCG,ATCTCG"
285,0.11139615384615385,0.02387890250022779,"CCGTAA,CAGTCC,CCGTTA,CCGTCC,ACGTCC,ATGTTT,TCGTTG,CAGTTG,CAGTTT,TAGTTG,TCGTTA,ACGTTC,ATGTTC,TTGTTC,ATGTAC,CCATAG,CCTTAG,TACTAA,ATCTAT,CTCTAT,CTCTAA,GACTAA,TTATAT,CAATAT,TCGTAT,TTGTAT"
286,0.1141611111111111,0.01862449806315798,"ACCTCG,AACTCA,ACTTCA,CTGTCC,TTTTCG,CTTTCA,ACCTCA,GCCTGT,TCGTCT,TTGTCT,CCGTCT,GCTTAT,GATTGT,GCTTGT,GATTCT,TATTGT,AATTTT,GTTTTT"
287,0.134,0.01331958815322113,"AAATAA,GAATAA,GATTAA,CAATAC,AAAAAA,TACAAG,AACAAG,CATTAG"
288,0.18552500000000002,0.044787724068908956,"CCTCAA,CCTCAG,CCCCAG,GCCCAA,CCCCAC,GCTAAC,CCTGAC,TCCAAC,CCTCAC,GCTCAC,TCCCAC,CCGCAC"
289,0.131,0.01685511791711942,"TTTAAG,TTTAAC,CTTTAG,CTTAAG,CATAAG,GCTCAT,GATTAT,CGTTAT,ATTTAT"
290,0.15345,0.016758430714121177,"TTGAAT,ACCAAG"
291,0.09591111111111111,0.011672737916081056,"CATCAC,CAACAC,CAACAA,CCGCAT,TATCAG,CAACAG,CTACAG,TCTGAA,CTAGAA,CTCGAA,CTCGAC,CACGAC,CATGAT,TTTGAT,CTTGAT,CATGAA,CCCGAA,CCTGAA"
292,0.09716071428571428,0.016268154287298362,"AATCAC,TACTAC,TATAAC,TACAAC,AAACAC,TCTAAC,AATAAT,ACGCAT,AACCAT,ACTCAT,TTACAT,GCCCAT,CCCCAT,TAACAT,TCTGAT,TCAACT,TCTCCT,TTATCG,TTATCC,TTACCG,TTATCA,TTACCA,TCCACA,TCCACT,TGCACA,TACACA,TTGCCA,TACCCA"
293,0.0949,0.020212443126521273,"GCCTCC,GCTTCC,GCTCCC,GCTCCT,ACTCCA,GCTCCA,CCCACA,CCAACT,CCCACT,TCTACA,TCTCCA,ACAACT,GCCCCT,CGCACC,CGCTCC,TGCACC,CGTACT,TGCTCC,TGCTCT,CGCTCG,CGCTCT,TGCTCA,TGCACT,GGATCT,CGCACT,TGTCCT,CTACCA,CTCCCT,ATCCCG,TTCCCG,CTCGCC,CACGCA,CTCGCA,TCTGCA,TTTGCT,CTAGCA,CTAGCC,CTTGCA,TATGCC,CTAGCT,TATGCT,CATGCT,CTTGCT"
294,0.2302,,AGTTCC
295,0.08813,0.008744909630433262,"TTCACA,CTCACA,CACCCC,TCCTCC,TTTTCT,TCTTCT,TCGCCT,TCACCT,TTCACT,AACCCT"
296,0.22001666666666667,0.010337391676175705,"AACTGA,AACTGT,ATCTGC,AACAGA,ATTAGT,AATAGA"
297,0.7882333333333333,0.0684497869487797,"AATAGG,ACTAGG,AGAAGG"
298,0.41879999999999995,0.028544789366887962,"AGCCGA,ATACGC,AACCGG,ATACGG,AAACGG"
299,0.177975,0.005830022870166686,"ACAAGA,ATTCGA,ATTAGA,ATCAGA"
300,0.5756555555555556,0.09764587947157718,"AACGGG,AAGCGG,ACCTGG,AACTGG,AATCGG,AGTCGG,AAGTGG,ACGTGG,ATGTGG"
301,0.2807,,ACTCGG
302,0.2543666666666667,0.029802729181514026,"GTTCGA,GTTAGT,GTTGGG,GGTCGC,GTTAGC,GATAGT"
303,0.45461999999999997,0.06749145871886306,"GGTAGC,GGCAGT,GTAAGG,GTAAGT,GTAAGA"
304,0.23594285714285715,0.041797402516697814,"GTTCGG,GCAGGG,GCCTGG,GAATGG,GAACGT,GCAAGT,GCCAGT"
305,0.153228125,0.025628112517500738,"TAGTGC,TAATGG,TAATGC,TGCAGC,TTAAGC,TTACGT,TTACGA,TCTCGA,TCTGGT,TCTAGT,TGTAGC,TCTCGT,TGTTGT,TCTAGA,TTCAGA,AACCGA,CATCGT,CATTGA,CAATGA,CATTGC,CACTGT,CAATGC,CAAAGC,CAACGT,AAAAGC,AAATGC,CAAAGT,AATAGT,TATAGA,GATTGG,GATTGA,CAGCGA"
306,0.288,,TAATGT
307,0.20779999999999998,0.0379568175694433,"AAACGA,ATATGA,ATATGC,AAAAGT,ACATGT,AAATGA,AAACGT,AAATGT,CAATGG,GCATGT,ATAAGC,CTAAGA,ATAAGT,TTAAGT,ATACGT,CAATGT,TTATGA,ACATGA,TCATGA,CTAGGT,CTAAGT,TGATGT,CGATGT,ATATGT"
308,0.19905,0.032498527439166924,"GCCTGA,TACCGA,CTCCGA,CTCCGG,ATCCGG,GTCCGG,GTCAGT,CGCTGC"
309,0.3552,0.10943765348361595,"AAGTGA,AAGTGT,AAGCGC,AAGCGT"
310,0.9383,0.04617640089916063,"ACGAGG,ATGGGG,AAGAGG,ATGAGG"
311,0.3766,,CGGCGA
312,0.6316833333333334,0.09724146063622584,"CAGAGC,CCGAGT,CTGAGT,CAGAGA,CCGAGA,CAGAGT"
313,0.1671,,CAGTGA
314,0.3224,,CAGCGG
315,0.8949277777777778,0.04649413379259994,"GGGGGA,GGGTGA,GGGAGG,GTGAGG,GAGCGA,GGGAGA,GAGGGG,GCGGGG,GTGGGG,GGGAGT,GAGAGA,GAGAGC,GAGAGT,AAGAGA,AGGTGC,AGGCGG,AGGTGT,TGGAGT"
316,0.3463,,TAGCGA
317,0.783,,CGGGGT
318,0.7416142857142857,0.08241260883650083,"ATGAGA,AAGAGC,ATGAGC,TAGAGC,TAGAGT,ACGAGC,GCGAGC"
319,0.91978,0.05089766202882016,"TGGAGA,TGGAGG,TTGAGG,GTGAGA,TTGAGA"
320,0.5449,,TCGAGC
321,0.5682714285714285,0.07817565081886037,"GTGAGT,TTGAGT,CCGAGC,CTGAGC,GGGAGC,TTGAGC,GTGAGC"
322,0.8650333333333333,0.08737549410273433,"CGGAGG,TAGAGG,TCGAGG,CTGAGG,ATGAGT,AAGAGT,CAGGGT,CTGGGA,GTGGGA,CGGGGG,CTGGGG,ATGGGT"
323,0.9443,,AGGCGA
324,0.6737,,AAGCGA
325,0.4656,,TAGGGA
326,0.2842,,ATGCGA
327,0.86662,0.04319487238087413,"CTGAGA,ACGAGA,TAGAGA,TCGAGA,GCGAGA"
328,0.4192222222222222,0.04313883916431276,"TCGCGG,TAGTGG,GCGCGG,ACGCGG,TTGCGG,CTGTGG,TTGTGG,CAGTGG,TCGTGG"
329,0.939,,CCGAGG
330,0.70272,0.07694720267820009,"CTGGGT,TCGAGT,ACGGGT,ACGAGT,GCGAGT"
331,0.1284625,0.01611715479144594,"AATTGA,GCTCGG,TTTAGA,CCTTGC,GCTCGC,ACTTGT,TGTCGT,TCTTGT"
332,0.15694999999999998,0.02623366158202092,"CATAGA,AACAGT"
333,0.26790714285714284,0.055061859817785004,"TGCAGA,TGAAGT,CGAAGT,TGAAGG,CGCAGA,CGCAGT,TGCAGT,CAAAGA,TAAAGC,TCAAGC,ATAAGA,TAAAGA,AAAAGA,TTAAGA"
334,0.55918,0.11298600355796283,"CACAGG,CGAAGG,CTCAGG,GCAAGG,GCCAGG"
335,0.6873625,0.040427110334526735,"GATAGG,GTTAGG,TTAAGG,TTCAGG,TGCAGG,TACAGG,AACAGG,CATAGG"
336,0.45541666666666664,0.04496022316077477,"AAAAGG,CAAAGG,CCCAGG,GCTAGG,TCAAGG,TCCAGG"
337,0.7585357142857143,0.06145789812349786,"AGGAGG,AGTAGG,TGTAGG,ATAAGG,ATCAGG,CTTAGG,TTTAGG,ACAAGG,CCAAGG,CTAAGG,ACCAGG,ATTAGG,CGTAGG,TATAGG"
338,0.4453,,GTCAGG
339,0.15763333333333332,0.045151750571934025,"TGCCGA,TTCCGC,TCGCGC,CACCGA,CAGCGT,GGACGC,GCACGC,CGCCGC,CGCCGA,TAGCGT,TGTCGA,ATTTGT,ATCTGA,ACTTGA,ACCTGA,TACTGC,TAATGA,TTCTGA,GAATGA,TACTGT,TCTTGA,GCTTGA,TCTTGG,CCCTGG"
340,0.1812,0.032386080062554355,"TTATGT,TTCTGT,CTCTGT,CGCTGT,CAGTGT,ACGTGA,CTGTGA,ATGTGT,TCGTGA,GACTGT,CCCTGT,CCGTGT"
341,0.5009,0.0683065150626205,"GAAAGA,GTACGA"
342,0.178175,0.02769702150051519,"TACAGA,GCTAGA,TCAAGA,CCTAGA,ATACGA,TAACGA,CGTAGA,TGTAGA"
343,0.2574625,0.04622729172253119,"CAACGG,CACCGG,CCACGG,CCAGGG,CCGTGG,CATCGG,CCTAGG,CGTTGG,CTTTGG,CATTGG,CCTTGG,TCCCGG,TGCCGG,TGACGG,TCACGG,TCCTGG"
344,0.4337,,CGACGG
345,0.3252541666666667,0.059754635833742575,"TACGGG,TAGCGG,GACGGG,GATCGG,CTATGG,CTGCGG,CTTCGG,TTAGGG,TTACGG,GTACGG,CTAGGG,CTACGG,ACACGG,ATATGG,ACATGG,AAATGG,GGAAGG,CCCCGG,TTCCGG,TTCTGG,TACCGG,GTCTGG,ATCTGG,ACCCGG"
346,0.43599,0.06974987773784586,"GGTGGG,TTTCGG,TTTTGG,TATCGG,ATTCGG,ACTTGG,GGTTGG,GCTTGG,ATTTGG,GTTTGG"
347,0.20327499999999998,0.009660012077287136,"CGCCGG,CCTCGG,GGACGG,CGTCGG"
348,0.2669,0.030202759255847245,"CACTGG,TTATGG,GCATGG,GACTGG"
349,0.06915185185185185,0.013325434626202929,"CCACTA,CCATTG,CCAATG,CCTCTG,TCGTTC,TCCGTA,TCTGTC,CCAGTC,CCAGTG,CCATTT,TCAATT,TCGCTG,TCGCTT,CCGCTT,GCCCTT,TCCCTT,CCCGTA,GCCGTC,CTGATC,CTGTTC,CTTATA,TTTATC,CTTATC,GTTCTC,CTGCTT,TTCCTT,ATCCTT"
350,0.08990000000000001,0.005868134286125367,"TCATTA,TAATTC,CTATTT,CTATTG,ATATTG"
351,0.09881551724137931,0.032653077025013307,"CACCTA,CCCGTG,CCCATG,TCCCTG,TCCTTA,TCCATA,ACCATC,ACCATT,ATCATC,CGCATC,ATCCTG,TGCCTG,ACCCTT,TTCATA,CCCATA,CTCCTA,ATCCTA,ATTCTG,ATTATA,AATCTG,CCTTTG,CCTTTT,GCTCTA,GCTTTC,GCTTTT,TCTCTA,CATATA,CCTATT,CCTATG,ACTATC,TCTGTG,TCTGTA,ATTGTC,ATTGTT,TATGTG,CATGTG,CCTGTG,AATGTT,ATGCTT,AATCTC,TATCTA,TCTCTT,TAACTA,TCGCTA,TAACTC,TAGCTA,AAACTA,GGACTA,TGTCTC,CGACTT,ATACTA,CAACTC,AGGCTC,AGTCTC,ATCCTC,TTCCTC,CCTCTC,TTTCTC"
352,0.07446818181818182,0.014211343100751344,"ACCTTA,ACATTG,ACATTC,CAATTA,CATTTC,CAATTC,ACTTTC,CGTTTC,CGTTTG,CTTTTT,GCATTT,GGATTT,TTATTT,CCGTTT,TCGATC,GTGCTC,GTCTTC,GCTCTC,TATGTC,TCTCTC,TCAATC,TATATC"
353,0.06288333333333333,0.007121072016674643,"CTGTTG,CTGCTG,CTTCTG,ATCTTG,CAATTG,ACTTTG"
354,0.10374666666666667,0.026707453865054655,"CCTCCA,TAAATA,TTAATA,CCATCA,CCATAA,CTAAAA,CTATCA,ACACCA,ACAATA,CTAGTA,CCAGTA,CCTTCA,ACTTTA,CTTGAA,CCTAAA,CCTTGA,ACTCGA,TTTCGA,AATCGA,ACCACA,AATAAA,AATACA,ACTACA,AACCCA,ACACAA,ACACTA,ACGCTA,TCGCCA,AACCTA,CTTCTA"
355,0.2177,,ATCATA
356,0.12992058823529412,0.015159890848966713,"TTTGCA,TACGCA,ATCGCA,CCTGCA,TTTGAA,CTGTAA,CCGTCA,CCCTCA,CTGTCA,CTATTA,CCATTA,TCCTGA,TACTGA,CCCTGA,CTATGA,CCATGA,CGTTGA,CTTTGA,CTTAAA,TGCAAA,TTCAAA,CCCAAA,CATAAA,ATTAAA,TTTAAA,GATTTA,CACATA,TCACTA,ACTATA,CCTATA,CCTGTA,CTCATA,CAAATA,AATATA"
357,0.135641935483871,0.01856787143057506,"CCTACC,CCTGCC,CCTCCC,CCACCC,CCGCCC,CTCGTC,CACCTC,CCTTTC,CTTCTC,CTTGTC,CATATC,GTCGCC,GACGCC,GCCCTC,GGACAC,GGTCTC,GCACTC,GCTGAC,GCCGGC,GCGGAC,GCGGCC,GCTGCC,GATTCC,GCATCC,GGCGAC,GCCGAC,GTGGAC,GCGGGC,GTGGGC,GTCAGC,GCCAGC"
358,0.11620277777777778,0.02254611130374005,"TGTTGC,TGTAAC,TGACAC,TGCCCC,TCATAC,TAATAC,TTGTCC,TTAGCC,TCGCCC,TTGCCC,TCCCCC,TACAGC,TCTAGC,TCTGGC,TCGGGC,TCATTC,TCACTC,TTGATC,TTCTTC,TAAATC,TAAGCC,TACCCC,TAAGTC,TACATC,TACGAC,TAGTCC,AAGTAC,TAGTTC,AACAGC,AATAGC,TAACGC,AAACGC,CACCGC,AACTGC,CAGTGC,AATTGC"
359,0.13712,0.01839532549317896,"TACACC,TACGCC,TCCACC,TCCCGC,TCCGGC,CCCGCC,CCCACC,CCCTAC,ACCCAC,CCCGTC,TCCTTC,CCCTTC,AACCCC,AACCTC,CCCCCC,CCCCTC,TCCCTC,GACTTC,GACTAC,TACCAC"
360,0.21546666666666667,0.02622530584505482,"TACGTC,GGCATC,TTCATC,GGCCTC,TGCCTC,TACCTC"
361,0.13709230769230768,0.03226557663977874,"CTGCCC,CAGTTC,TCGCTC,TGGGCC,TTGGAC,TTGCGC,TTGAAC,TTGACC,ACGAAC,GTGGCC,ACGGCC,ATGGCC,TAGGGC"
362,0.3328,,AGGGCC
363,0.09937037037037036,0.02891019004294313,"CAGTAC,CTGTAC,TCGCAC,TTGCAC,TCGTAC,CGGCCC,TGGCCC,CTGACC,ACTGAC,GCTGTC,TCTTAC,ACTCGC,AATGAC,ACTGCC,AATGCC,AATACC,TATCCC,ACTACC,AAAACC,ACAATC,CTCAAC,CGCAAC,CTGAAC,CAAAAC,CACAAC,CAAACC,CCAATC"
364,0.1964,0.004949747468305837,"GGCACC,CTCAGC"
365,0.11019210526315791,0.020944823027762637,"CACCAC,CTTCAC,CTGCTC,CGGCTC,TATCAC,TAACCC,TACCGC,AATCGC,ACTCCC,CAACCC,AAACCC,ACCCCC,CTGGAC,CTTGCC,ATTGGC,GTCGGC,CTGGGC,CATGCC,TCAGCC,CACGCC,AACGCC,ATCGTC,CGTGTC,ATCTAC,AACTAC,CCGTTC,CGATTC,CCATTC,CCATGC,CCAAGC,CTCGGC,CCGGGC,CCGTGC,CACAGC,CATAGC,TTCAGC,ATCAGC,TCGTGC"
366,0.14765714285714288,0.020593341503644197,"AAACTG,AAACCG,ATTATG,AACACG,ATAACG,AACATG,ATACCG,ATGCTG,ATACTG,ATAATG,ACAGTG,ACCGTG,ATCGTG,ACTGTG"
367,0.0733,0.023629959796834188,"CAACTG,CTACTG,CTTATG,CTTTTG,CTTCCG"
368,0.37926666666666664,0.013444081721461434,"TAGAAG,TACTGG,TATTGG"
369,0.18080000000000002,0.031134225540392035,"AAAACG,TAACAG,TAATAG,AAAATG,TAGATG"
370,0.16565,0.035677182250471146,"CACTTG,CACTAG,AATTGG,GCATCG,GCCCAG,GCACCG,GCCCGG,TCATGG,TCCATG,TCTATG,TCCCAG,TCCTAG,ACAAAG,TCAGGG,CCATGG,GCACGG"
371,0.1621892857142857,0.032698231227343555,"ATACAG,GTTCAG,GTCTAG,TTAACG,TTTACG,TTTATG,CTCCTG,ATCTAG,GTCGTG,ATGCCG,ATGCAG,TTGCAG,GTTATG,ATTAAG,TTTGTG,ATTTTG,CTAAAG,CTCAAG,CTCTAG,ATCAAG,CTATAG,ATTTAG,TTTTAG,TTATAG,TAAAGG,TAAGGG,GCAATG,GGATCG"
372,0.3495,,TTTCAG
373,0.12397222222222222,0.027539379410230963,"CCAACG,TACACG,TATACG,CTCACG,CTAACG,ATCACG,TTAATG,CTAATG,TTCACG,ATCATG,CATACG,ACTATG,AATACG,ACTACG,TCCACG,GCCACG,TCTACG,ATTACG"
374,0.0700875,0.015655618571527054,"TCTTCG,TCATTG,TTCTCG,TCCTCG,TCATCG,TCTTTG,CCCTTG,TTATTG"
375,0.16703571428571426,0.036779313975493576,"ATAAAG,AATTAG,AATAAG,ACACAG,AAACAG,CAAAAG,CAATAG,TTCTAG,TTCAAG,TACTAG,TATTAG,TATAAG,TCTCAG,TTAAAG,ACTAAG,TAAAAG,AAAAAG,AAATAG,ATATAG,CTCGAG,GACTAG,ACATAG,TGTTAG,AACTAG,TCATAG,ACCTAG,ACTTAG,CGTTAG"
376,0.0707,0.018186808406094785,"CATCCG,TCACCG,TCCCCG"
377,0.1034,0.011402986242125143,"ACTCGT,ACACCT,ACCTTT,ACATCT,CCCTAT,CCCCCT,CCAAAT,TCTACT,CCAATT,TGCAAT,TGTTAT,CGTTGT,TGTTTT,TGTATT,TGTCTT,CGTATT,GGACCT,CGTAAT,CGCCAT,TGCCAT,GGAATT,TGCATT,CTAACT,CTACCT,CTAGTT,TTGCCT,TTGCAT,ATGCGT,TTGCGT,CTAGAT,CTATAT,CTACTT,CTTCTT,CTACAT,CTAAAT,CAAAAT,CAAACT,TCAGTT,TTAGTT,TGATTT,TTAATT,CTAATT,CAAATT"
378,0.08175588235294118,0.017708016418517623,"ACCAGT,ACCCAT,ATCCCT,AACAAT,CCCAAT,TCCCAT,GCCCGT,TCCAAT,CCCAGT,TCCAGT,TGCCCT,TACCAT,TTCCCT,TCCTAT,GCCTTT,CATTTT,CATTCT,CCTTAT,CCTCAT,GCTCGT,GCTAGT,TATAAT,TATAGT,TCTATT,ACTACT,ACTCCT,CTTACT,CCTCCT,ACTATT,CCTGTT,ACTCTT,AACCGT,AACCTT,AATCCT,ATTCTT,ATTCCT,CGCCCT,CAACAT,TATCGT,CACCCT,TAACTT,CAACTT,TACCTT,CCACAT,CCACTT,CCTCTT,GCTCTT,CCACCT,CTCCAT,CTGCGT,TTCCGT,CTCCGT,CAACCT,CCCCGT,CGCCGT,CTACGT,ACACGT,TAAAGT,TCCCGT,TAACGT,CCTAGT,CTCAGT,CTCGGT,TTCAGT,ACCCGT,TACCGT,TGCCGT,CACCGT"
379,0.130325,0.01359666012911504,"ACTAGT,CCAAGT,ATCAGT,CACAGT"
380,0.09063571428571428,0.0178172175649915,"ATAATT,ATATTT,AACTTT,TTCATT,TCATTT,TCGTTT,ACATTT,ACTTTT,CCCGTT,CCAGTT,GCCATT,GTCTTT,CCCATT,TGACTT"
